org.mockito,mockito-core,2.0.33-beta,2.2.17,java.lang.String,org.mockito.Matchers.matches(String),org.mockito.ArgumentMatchers.matches(String),0
org.mockito,mockito-core,2.0.33-beta,2.2.17,java.lang.String,org.mockito.Matchers.anyString(),org.mockito.ArgumentMatchers.anyString(),0
org.mockito,mockito-core,1.9.5,3.5.10,java.lang.String,org.mockito.Matchers.anyString(),org.mockito.ArgumentMatchers.anyString(),0
org.mockito,mockito-core,1.9.5,3.5.10,java.lang.Object,org.mockito.Matchers.any(),org.mockito.ArgumentMatchers.any(),0
org.mockito,mockito-core,1.9.5,3.5.10,java.lang.Object,org.mockito.Matchers.anyObject(),org.mockito.ArgumentMatchers.anyObject(),0
org.mockito,mockito-core,1.9.5,3.5.10,boolean,org.mockito.Matchers.anyBoolean(),org.mockito.ArgumentMatchers.anyBoolean(),0
org.mockito,mockito-core,1.9.5,3.5.10,int,org.mockito.Matchers.anyInt(),org.mockito.ArgumentMatchers.anyInt(),0
org.mockito,mockito-core,1.9.5,3.5.10,int,org.mockito.Matchers.eq(int),org.mockito.ArgumentMatchers.eq(int),0
org.mockito,mockito-core,1.9.5,3.5.10,boolean,org.mockito.Matchers.eq(boolean),org.mockito.ArgumentMatchers.eq(boolean),0
org.mockito,mockito-core,1.9.5,3.5.10,long,org.mockito.Matchers.anyLong(),org.mockito.ArgumentMatchers.anyLong(),0
org.mockito,mockito-core,1.9.5,3.5.10,java.lang.Object,org.mockito.Matchers.anyVararg(),org.mockito.ArgumentMatchers.anyVararg(),0
org.mockito,mockito-core,1.9.5,3.5.10,java.util.Collection,org.mockito.Matchers.anyCollection(),org.mockito.ArgumentMatchers.anyCollection(),0
org.mockito,mockito-core,1.9.5,3.5.10,long,org.mockito.Matchers.eq(long),org.mockito.ArgumentMatchers.eq(long),0
org.mockito,mockito-core,1.9.5,3.5.10,java.lang.String,org.mockito.Matchers.contains(String),org.mockito.ArgumentMatchers.contains(String),0
org.mockito,mockito-core,1.9.5,3.5.10,java.util.List,org.mockito.Matchers.anyList(),org.mockito.ArgumentMatchers.anyList(),0
org.mockito,mockito-core,1.9.5,3.5.10,java.util.Map,org.mockito.Matchers.anyMap(),org.mockito.ArgumentMatchers.anyMap(),0
org.mockito,mockito-core,1.9.5,3.5.10,java.util.Set,org.mockito.Matchers.anySet(),org.mockito.ArgumentMatchers.anySet(),0
org.mockito,mockito-core,1.9.5,3.5.10,java.lang.String,org.mockito.Matchers.startsWith(String),org.mockito.ArgumentMatchers.startsWith(String),0
org.mockito,mockito-core,1.9.5,3.5.10,float,org.mockito.Matchers.eq(float),org.mockito.ArgumentMatchers.eq(float),0
org.mockito,mockito-core,1.9.5,3.5.10,java.lang.String,org.mockito.Matchers.matches(String),org.mockito.ArgumentMatchers.matches(String),0
org.mockito,mockito-core,1.9.5,3.5.10,byte,org.mockito.Matchers.eq(byte),org.mockito.ArgumentMatchers.eq(byte),0
org.mockito,mockito-core,1.9.5,3.5.10,char,org.mockito.Matchers.anyChar(),org.mockito.ArgumentMatchers.anyChar(),0
org.mockito,mockito-core,1.9.5,3.5.10,java.lang.Object,org.mockito.Matchers.notNull(),org.mockito.ArgumentMatchers.notNull(),0
org.mockito,mockito-core,1.9.5,3.5.10,void,"org.mockito.exceptions.Reporter.wantedButNotInvokedInOrder(DescribedInvocation,DescribedInvocation)","org.mockito.internal.exceptions.Reporter.wantedButNotInvokedInOrder(DescribedInvocation,DescribedInvocation)",0
org.mockito,mockito-core,2.0.28-beta,3.0.0,java.lang.Object,org.mockito.Matchers.any(),org.mockito.ArgumentMatchers.any(),0
org.mockito,mockito-core,1.9.5,3.0.0,java.lang.String,org.mockito.Matchers.anyString(),org.mockito.ArgumentMatchers.anyString(),0
org.mockito,mockito-core,1.9.5,3.0.0,java.lang.Object,org.mockito.Matchers.any(),org.mockito.ArgumentMatchers.any(),0
org.mockito,mockito-core,1.9.5,3.0.0,java.lang.Object,org.mockito.Matchers.anyObject(),org.mockito.ArgumentMatchers.anyObject(),0
org.mockito,mockito-core,1.9.5,3.0.0,boolean,org.mockito.Matchers.anyBoolean(),org.mockito.ArgumentMatchers.anyBoolean(),0
org.mockito,mockito-core,1.9.5,3.0.0,int,org.mockito.Matchers.anyInt(),org.mockito.ArgumentMatchers.anyInt(),0
org.mockito,mockito-core,1.9.5,3.0.0,int,org.mockito.Matchers.eq(int),org.mockito.ArgumentMatchers.eq(int),0
org.mockito,mockito-core,1.9.5,3.0.0,boolean,org.mockito.Matchers.eq(boolean),org.mockito.ArgumentMatchers.eq(boolean),0
org.mockito,mockito-core,1.9.5,3.0.0,long,org.mockito.Matchers.anyLong(),org.mockito.ArgumentMatchers.anyLong(),0
org.mockito,mockito-core,1.9.5,3.0.0,java.lang.Object,org.mockito.Matchers.anyVararg(),org.mockito.ArgumentMatchers.anyVararg(),0
org.mockito,mockito-core,1.9.5,3.0.0,java.util.Collection,org.mockito.Matchers.anyCollection(),org.mockito.ArgumentMatchers.anyCollection(),0
org.mockito,mockito-core,1.9.5,3.0.0,long,org.mockito.Matchers.eq(long),org.mockito.ArgumentMatchers.eq(long),0
org.mockito,mockito-core,1.9.5,3.0.0,java.lang.String,org.mockito.Matchers.contains(String),org.mockito.ArgumentMatchers.contains(String),0
org.mockito,mockito-core,1.9.5,3.0.0,java.util.List,org.mockito.Matchers.anyList(),org.mockito.ArgumentMatchers.anyList(),0
org.mockito,mockito-core,1.9.5,3.0.0,java.util.Map,org.mockito.Matchers.anyMap(),org.mockito.ArgumentMatchers.anyMap(),0
org.mockito,mockito-core,1.9.5,3.0.0,java.util.Set,org.mockito.Matchers.anySet(),org.mockito.ArgumentMatchers.anySet(),0
org.mockito,mockito-core,1.9.5,3.0.0,java.lang.String,org.mockito.Matchers.startsWith(String),org.mockito.ArgumentMatchers.startsWith(String),0
org.mockito,mockito-core,1.9.5,3.0.0,float,org.mockito.Matchers.eq(float),org.mockito.ArgumentMatchers.eq(float),0
org.mockito,mockito-core,1.9.5,3.0.0,java.lang.String,org.mockito.Matchers.matches(String),org.mockito.ArgumentMatchers.matches(String),0
org.mockito,mockito-core,1.9.5,3.0.0,byte,org.mockito.Matchers.eq(byte),org.mockito.ArgumentMatchers.eq(byte),0
org.mockito,mockito-core,1.9.5,3.0.0,char,org.mockito.Matchers.anyChar(),org.mockito.ArgumentMatchers.anyChar(),0
org.mockito,mockito-core,1.9.5,3.0.0,java.lang.Object,org.mockito.Matchers.notNull(),org.mockito.ArgumentMatchers.notNull(),0
org.mockito,mockito-core,1.9.5,3.0.0,void,"org.mockito.exceptions.Reporter.wantedButNotInvokedInOrder(DescribedInvocation,DescribedInvocation)","org.mockito.internal.exceptions.Reporter.wantedButNotInvokedInOrder(DescribedInvocation,DescribedInvocation)",0
org.apache.lucene,lucene-core,2.9.4,3.0.3,org.apache.lucene.store.FSDirectory,"org.apache.lucene.store.FSDirectory.getDirectory(File,boolean)",org.apache.lucene.index.IndexWriter.getDirectory(),0
org.apache.lucene,lucene-core,2.9.4,3.0.3,void,org.apache.lucene.index.IndexModifier.close(),org.apache.lucene.index.IndexWriter.close(),0
org.apache.lucene,lucene-core,2.9.4,3.0.3,void,org.apache.lucene.index.IndexModifier.optimize(),org.apache.lucene.index.IndexWriter.optimize(),0
org.apache.lucene,lucene-core,2.9.4,3.0.3,int,org.apache.lucene.index.IndexModifier.deleteDocuments(Term),org.apache.lucene.index.IndexWriter.deleteDocuments(Term),0
org.apache.lucene,lucene-core,2.9.4,3.0.3,void,org.apache.lucene.index.IndexModifier.addDocument(Document),org.apache.lucene.index.IndexWriter.addDocument(Document),0
org.apache.lucene,lucene-core,3.6.2,4.0.0,org.apache.lucene.document.Fieldable,org.apache.lucene.document.Document.getFieldable(String),org.apache.lucene.document.Document.getField(String),0
org.apache.lucene,lucene-core,3.6.2,4.0.0,org.apache.lucene.document.Fieldable[],org.apache.lucene.document.Document.getFieldables(String),org.apache.lucene.document.Document.getFields(String),0
org.apache.lucene,lucene-core,3.6.2,4.0.0,org.apache.lucene.index.Term,org.apache.lucene.index.Term.createTerm(String),org.apache.lucene.index.Term.Term(String),0
org.apache.lucene,lucene-core,2.4.1,7.2.1,org.apache.lucene.search.TopDocs,org.apache.lucene.search.TopDocCollector.topDocs(),org.apache.lucene.search.TopScoreDocCollector.topDocs(),0
org.apache.lucene,lucene-core,2.4.1,3.0.3,org.apache.lucene.search.TopDocs,org.apache.lucene.search.TopDocCollector.topDocs(),org.apache.lucene.search.TopScoreDocCollector.topDocs(),0
org.apache.lucene,lucene-core,3.0.3,4.0.0,void,org.apache.lucene.index.IndexWriter.optimize(),org.apache.lucene.index.IndexWriter.forceMerge(int),0
org.apache.lucene,lucene-core,4.0.0,5.1.0,org.apache.lucene.store.NoLockFactory,org.apache.lucene.store.NoLockFactory.getNoLockFactory(),org.apache.lucene.store.NoLockFactory.INSTANCE,0
org.apache.lucene,lucene-core,5.1.0,6.0.0,org.apache.lucene.search.NumericRangeQuery,"org.apache.lucene.search.NumericRangeQuery.newIntRange(String,Integer,Integer,boolean,boolean)","org.apache.lucene.search.LegacyNumericRangeQuery.newIntRange(String,Integer,Integer,boolean,boolean)",0
org.apache.lucene,lucene-core,5.1.0,6.0.0,org.apache.lucene.search.NumericRangeQuery,"org.apache.lucene.search.NumericRangeQuery.newDoubleRange(String,Double,Double,boolean,boolean)","org.apache.lucene.search.LegacyNumericRangeQuery.newDoubleRange(String,Double,Double,boolean,boolean)",0
org.apache.lucene,lucene-core,5.1.0,6.0.0,org.apache.lucene.search.NumericRangeQuery,"org.apache.lucene.search.NumericRangeQuery.newFloatRange(String,Float,Float,boolean,boolean)","org.apache.lucene.search.LegacyNumericRangeQuery.newFloatRange(String,Float,Float,boolean,boolean)",0
org.apache.lucene,lucene-core,5.1.0,6.0.0,org.apache.lucene.search.NumericRangeQuery,"org.apache.lucene.search.NumericRangeQuery.newLongRange(String,Long,Long,boolean,boolean)","org.apache.lucene.search.LegacyNumericRangeQuery.newLongRange(String,Long,Long,boolean,boolean)",0
org.apache.lucene,lucene-core,5.1.0,6.0.0,void,org.apache.lucene.search.PhraseQuery.add(Term),org.apache.lucene.search.PhraseQuery.Builder.add(Term),0
org.apache.lucene,lucene-core,2.4.1,7.0.0,org.apache.lucene.search.TopDocs,org.apache.lucene.search.TopDocCollector.topDocs(),org.apache.lucene.search.TopDocsCollector.topDocs(),0
org.apache.lucene,lucene-core,6.4.1,7.0.0,java.util.Map,org.apache.lucene.index.IndexWriter.getCommitData(),org.apache.lucene.index.IndexWriter.getLiveCommitData(),0
org.apache.lucene,lucene-core,3.0.3,6.4.1,void,org.apache.lucene.index.IndexWriter.optimize(),org.apache.lucene.index.IndexWriter.forceMerge(int),0
org.apache.lucene,lucene-core,3.0.3,6.4.1,org.apache.lucene.analysis.TokenStream,"org.apache.lucene.analysis.standard.StandardAnalyzer.tokenStream(String,Reader)","org.apache.lucene.analysis.Analyzer.tokenStream(String,Reader)",0
org.apache.lucene,lucene-core,3.0.3,6.4.1,org.apache.lucene.search.NumericRangeQuery,"org.apache.lucene.search.NumericRangeQuery.newIntRange(String,Integer,Integer,boolean,boolean)","org.apache.lucene.search.LegacyNumericRangeQuery.newIntRange(String,Integer,Integer,boolean,boolean)",0
com.github.tomakehurst,wiremock,1.58,2.1.12,com.github.tomakehurst.wiremock.client.RequestPatternBuilder,"com.github.tomakehurst.wiremock.client.RequestPatternBuilder.withHeader(String,ValueMatchingStrategy)","com.github.tomakehurst.wiremock.matching.RequestPatternBuilder.withHeader(String,StringValuePattern)",0
com.github.tomakehurst,wiremock,1.58,2.1.12,com.github.tomakehurst.wiremock.client.RequestPatternBuilder,com.github.tomakehurst.wiremock.client.RequestPatternBuilder.allRequests(),com.github.tomakehurst.wiremock.matching.RequestPatternBuilder.allRequests(),0
com.github.tomakehurst,wiremock,1.53,2.14.0,com.github.tomakehurst.wiremock.client.RequestPatternBuilder,"com.github.tomakehurst.wiremock.client.RequestPatternBuilder.withHeader(String,ValueMatchingStrategy)","com.github.tomakehurst.wiremock.matching.RequestPatternBuilder.withHeader(String,StringValuePattern)",0
com.github.tomakehurst,wiremock,1.53,2.14.0,com.github.tomakehurst.wiremock.client.MappingBuilder,com.github.tomakehurst.wiremock.client.MappingBuilder.whenScenarioStateIs(String),com.github.tomakehurst.wiremock.client.BasicMappingBuilder.whenScenarioStateIs(String),0
org.elasticsearch,elasticsearch,0.20.6,0.90.1,org.elasticsearch.search.SearchHits,org.elasticsearch.action.search.SearchResponse.hits(),org.elasticsearch.action.search.SearchResponse.getHits(),0
org.elasticsearch,elasticsearch,0.20.6,0.90.1,org.elasticsearch.search.facet.Facets,org.elasticsearch.action.search.SearchResponse.facets(),org.elasticsearch.action.search.SearchResponse.getFacets(),0
org.elasticsearch,elasticsearch,0.20.6,0.90.1,boolean,org.elasticsearch.common.trove.set.hash.TIntHashSet.add(int),org.elasticsearch.common.trove.set.hash.THashSet.add(E),0
org.elasticsearch,elasticsearch,0.20.6,0.90.1,org.elasticsearch.search.facet.FacetProcessor,org.elasticsearch.search.facet.FacetProcessors.processor(String),org.elasticsearch.search.facet.FacetParsers.processor(String),0
org.elasticsearch,elasticsearch,0.20.6,0.90.1,boolean,org.elasticsearch.action.bulk.BulkItemResponse.failed(),org.elasticsearch.action.bulk.BulkItemResponse.isFailed(),0
org.elasticsearch,elasticsearch,0.20.6,0.90.1,boolean,org.elasticsearch.action.delete.DeleteResponse.notFound(),org.elasticsearch.action.delete.DeleteResponse.isNotFound(),0
org.elasticsearch,elasticsearch,0.20.6,0.90.1,long,org.elasticsearch.action.index.IndexResponse.version(),org.elasticsearch.action.index.IndexResponse.getVersion(),0
org.elasticsearch,elasticsearch,1.7.1,2.0.0,java.lang.String,org.elasticsearch.common.compress.CompressedString.string(),org.elasticsearch.common.compress.CompressedXContent.string(),0
org.elasticsearch,elasticsearch,1.7.1,2.0.0,org.elasticsearch.common.settings.ImmutableSettings$Builder,org.elasticsearch.common.settings.ImmutableSettings.settingsBuilder(),org.elasticsearch.common.settings.Settings.settingsBuilder(),0
org.elasticsearch,elasticsearch,2.4.6,5.1.1,org.elasticsearch.search.aggregations.metrics.tophits.TopHitsBuilder,org.elasticsearch.search.aggregations.metrics.tophits.TopHitsBuilder.addField(String),org.elasticsearch.search.aggregations.metrics.tophits.TopHitsAggregationBuilder.storedField(String),0
org.elasticsearch,elasticsearch,2.4.6,5.1.1,org.elasticsearch.search.aggregations.bucket.terms.TermsBuilder,org.elasticsearch.search.aggregations.bucket.terms.TermsBuilder.size(int),org.elasticsearch.search.aggregations.bucket.terms.TermsAggregationBuilder.size(int),0
org.elasticsearch,elasticsearch,2.4.6,5.1.1,org.elasticsearch.search.aggregations.bucket.range.RangeBuilder,"org.elasticsearch.search.aggregations.bucket.range.RangeBuilder.addRange(String,double,double)","org.elasticsearch.search.aggregations.bucket.range.RangeAggregationBuilder.addRange(String,double,double)",0
org.elasticsearch,elasticsearch,2.4.6,5.1.1,org.elasticsearch.search.aggregations.metrics.tophits.TopHitsBuilder,org.elasticsearch.search.aggregations.metrics.tophits.TopHitsBuilder.setSize(int),org.elasticsearch.search.aggregations.metrics.tophits.TopHitsAggregationBuilder.size(int),0
org.elasticsearch,elasticsearch,2.4.6,5.1.1,org.elasticsearch.search.sort.FieldSortBuilder,org.elasticsearch.search.sort.FieldSortBuilder.order(SortOrder),org.elasticsearch.search.sort.SortBuilder.order(SortOrder),0
org.elasticsearch,elasticsearch,2.4.6,5.1.1,org.elasticsearch.search.aggregations.bucket.range.RangeBuilder,"org.elasticsearch.search.aggregations.bucket.range.RangeBuilder.addUnboundedFrom(String,double)","org.elasticsearch.search.aggregations.bucket.range.RangeAggregationBuilder.addUnboundedFrom(String,double)",0
org.elasticsearch,elasticsearch,2.4.6,5.1.1,org.elasticsearch.search.aggregations.bucket.histogram.DateHistogramBuilder,org.elasticsearch.search.aggregations.bucket.histogram.DateHistogramBuilder.interval(DateHistogramInterval),org.elasticsearch.search.aggregations.bucket.histogram.DateHistogramAggregationBuilder.dateHistogramInterval(DateHistogramInterval),0
org.elasticsearch,elasticsearch,2.4.6,5.1.1,org.elasticsearch.common.settings.Settings$Builder,org.elasticsearch.common.settings.Settings.settingsBuilder(),org.elasticsearch.common.settings.Settings.builder(),0
org.elasticsearch,elasticsearch,2.4.6,5.1.1,org.elasticsearch.action.percolate.PercolateRequest,org.elasticsearch.action.percolate.PercolateRequestBuilder.request(),org.elasticsearch.percolator.PercolateRequestBuilder.request(),0
org.elasticsearch,elasticsearch,2.4.6,5.1.1,org.elasticsearch.action.percolate.PercolateResponse$Match[],org.elasticsearch.action.percolate.PercolateResponse.getMatches(),org.elasticsearch.percolator.PercolateResponse.getMatches(),0
org.elasticsearch,elasticsearch,0.20.5,5.6.10,org.elasticsearch.action.search.SearchRequestBuilder,org.elasticsearch.action.search.SearchRequestBuilder.setFilter(FilterBuilder),org.elasticsearch.action.search.SearchRequestBuilder.setPostFilter(QueryBuilder),0
org.elasticsearch,elasticsearch,0.20.5,5.6.10,boolean,org.elasticsearch.action.get.GetResponse.exists(),org.elasticsearch.action.get.GetResponse.isExists(),0
org.elasticsearch,elasticsearch,0.20.5,5.6.10,boolean,org.elasticsearch.action.admin.indices.delete.DeleteIndexResponse.acknowledged(),"org.elasticsearch.action.admin.indices.delete.AcknowledgedResponse.isAcknowledged()	",0
org.elasticsearch,elasticsearch,0.20.5,5.6.10,boolean,org.elasticsearch.action.admin.indices.exists.indices.IndicesExistsResponse.exists(),org.elasticsearch.action.admin.indices.exists.indices.IndicesExistsResponse.isExists(),0
org.elasticsearch,elasticsearch,0.20.5,5.6.10,boolean,org.elasticsearch.action.bulk.BulkItemResponse.failed(),org.elasticsearch.action.bulk.BulkItemResponse.isFailed(),0
org.elasticsearch,elasticsearch,0.20.5,5.6.10,boolean,org.elasticsearch.action.delete.DeleteResponse.isNotFound(),org.elasticsearch.action.delete.DeleteResponse.status(),0
org.elasticsearch,elasticsearch,0.20.5,5.6.10,java.lang.String,org.elasticsearch.action.bulk.BulkItemResponse.failureMessage(),org.elasticsearch.action.bulk.BulkItemResponse.getFailureMessage(),0
org.elasticsearch,elasticsearch,0.20.5,5.6.10,java.lang.String,org.elasticsearch.action.delete.DeleteResponse.getId(),org.elasticsearch.action.DocWriteResponse.getId(),0
org.elasticsearch,elasticsearch,0.20.5,5.6.10,java.lang.String,org.elasticsearch.action.index.IndexResponse.getId(),org.elasticsearch.action.DocWriteResponse.getId(),0
org.elasticsearch,elasticsearch,0.20.5,5.6.10,org.elasticsearch.action.bulk.BulkItemResponse[],org.elasticsearch.action.bulk.BulkResponse.items(),org.elasticsearch.action.bulk.BulkResponse.getItems(),0
org.elasticsearch,elasticsearch,0.20.5,5.6.10,org.elasticsearch.action.mlt.MoreLikeThisRequestBuilder,org.elasticsearch.action.mlt.MoreLikeThisRequestBuilder.maxQueryTerms(int),org.elasticsearch.index.query.MoreLikeThisQueryBuilder.maxQueryTerms(int),0
org.elasticsearch,elasticsearch,0.20.5,5.6.10,org.elasticsearch.action.mlt.MoreLikeThisRequestBuilder,org.elasticsearch.action.mlt.MoreLikeThisRequestBuilder.setBoostTerms(float),org.elasticsearch.index.query.MoreLikeThisQueryBuilder.boostTerms(float),0
org.elasticsearch,elasticsearch,0.20.5,5.6.10,org.elasticsearch.action.mlt.MoreLikeThisRequestBuilder,org.elasticsearch.action.mlt.MoreLikeThisRequestBuilder.setMaxDocFreq(int),org.elasticsearch.index.query.MoreLikeThisQueryBuilder.maxDocFreq(int),0
org.elasticsearch,elasticsearch,0.20.5,5.6.10,org.elasticsearch.action.mlt.MoreLikeThisRequestBuilder,org.elasticsearch.action.mlt.MoreLikeThisRequestBuilder.setMaxWordLen(int),org.elasticsearch.index.query.MoreLikeThisQueryBuilder.maxWordLength(int),0
org.elasticsearch,elasticsearch,0.20.5,5.6.10,org.elasticsearch.action.mlt.MoreLikeThisRequestBuilder,org.elasticsearch.action.mlt.MoreLikeThisRequestBuilder.setMinDocFreq(int),org.elasticsearch.index.query.MoreLikeThisQueryBuilder.minDocFreq(int),0
org.elasticsearch,elasticsearch,0.20.5,5.6.10,org.elasticsearch.action.mlt.MoreLikeThisRequestBuilder,org.elasticsearch.action.mlt.MoreLikeThisRequestBuilder.setMinTermFreq(int),org.elasticsearch.index.query.MoreLikeThisQueryBuilder.minTermFreq(int),0
org.elasticsearch,elasticsearch,0.20.5,5.6.10,org.elasticsearch.action.mlt.MoreLikeThisRequestBuilder,org.elasticsearch.action.mlt.MoreLikeThisRequestBuilder.setMinWordLen(int),org.elasticsearch.index.query.MoreLikeThisQueryBuilder.minWordLength(int),0
org.elasticsearch,elasticsearch,0.20.5,5.6.10,org.elasticsearch.action.search.SearchRequestBuilder,org.elasticsearch.action.search.SearchRequestBuilder.setQuery(String),org.elasticsearch.action.search.SearchRequestBuilder.setQuery(QueryBuilder),0
org.elasticsearch,elasticsearch,0.20.5,5.6.10,org.elasticsearch.common.settings.ImmutableSettings$Builder,org.elasticsearch.common.settings.ImmutableSettings.settingsBuilder(),org.elasticsearch.common.settings.Settings.builder(),0
org.elasticsearch,elasticsearch,0.20.5,5.6.10,org.elasticsearch.common.settings.ImmutableSettings$Builder,org.elasticsearch.node.NodeBuilder.settings(),org.elasticsearch.node.Node.settings(),0
org.elasticsearch,elasticsearch,0.20.5,5.6.10,org.elasticsearch.index.query.BoolFilterBuilder,org.elasticsearch.index.query.BoolFilterBuilder.must(FilterBuilder),org.elasticsearch.index.query.BoolQueryBuilder.must(QueryBuilder),0
org.elasticsearch,elasticsearch,0.20.5,5.6.10,org.elasticsearch.search.sort.FieldSortBuilder,org.elasticsearch.search.sort.FieldSortBuilder.ignoreUnmapped(boolean),org.elasticsearch.search.sort.FieldSortBuilder.unmappedType(String),0
org.elasticsearch,elasticsearch,0.20.5,5.6.10,org.elasticsearch.search.sort.FieldSortBuilder,org.elasticsearch.search.sort.FieldSortBuilder.order(SortOrder),org.elasticsearch.search.sort.SortBuilder.order(SortOrder),0
org.elasticsearch,elasticsearch,0.20.5,1.2.1,org.elasticsearch.action.search.SearchRequestBuilder,org.elasticsearch.action.search.SearchRequestBuilder.setFilter(FilterBuilder),org.elasticsearch.action.search.SearchRequestBuilder.setPostFilter(QueryBuilder),0
org.elasticsearch,elasticsearch,0.20.5,1.2.1,boolean,org.elasticsearch.action.get.GetResponse.exists(),org.elasticsearch.action.get.GetResponse.isExists(),0
org.elasticsearch,elasticsearch,0.20.5,1.2.1,boolean,org.elasticsearch.action.admin.indices.delete.DeleteIndexResponse.acknowledged(),org.elasticsearch.action.admin.indices.delete.AcknowledgedResponse.isAcknowledged(),0
org.elasticsearch,elasticsearch,0.20.5,1.2.1,boolean,org.elasticsearch.action.admin.indices.exists.indices.IndicesExistsResponse.exists(),org.elasticsearch.action.admin.indices.exists.indices.IndicesExistsResponse.isExists(),0
org.elasticsearch,elasticsearch,0.20.5,1.2.1,boolean,org.elasticsearch.action.bulk.BulkItemResponse.failed(),org.elasticsearch.action.bulk.BulkItemResponse.isFailed(),0
org.elasticsearch,elasticsearch,0.20.5,1.2.1,boolean,org.elasticsearch.action.delete.DeleteResponse.isNotFound(),org.elasticsearch.action.delete.DeleteResponse.isFound(),0
org.elasticsearch,elasticsearch,0.20.5,1.2.1,java.lang.String,org.elasticsearch.action.bulk.BulkItemResponse.failureMessage(),org.elasticsearch.action.bulk.BulkItemResponse.getFailureMessage(),0
org.elasticsearch,elasticsearch,0.20.5,1.2.1,org.elasticsearch.action.bulk.BulkItemResponse[],org.elasticsearch.action.bulk.BulkResponse.items(),org.elasticsearch.action.bulk.BulkResponse.getItems(),0
org.elasticsearch,elasticsearch,1.2.1,2.0.0,org.elasticsearch.common.settings.ImmutableSettings$Builder,org.elasticsearch.common.settings.ImmutableSettings.settingsBuilder(),org.elasticsearch.common.settings.Settings.settingsBuilder(),0
org.elasticsearch,elasticsearch,1.2.1,2.0.0,org.elasticsearch.client.AdminClient,org.elasticsearch.client.transport.TransportClient.admin(),org.elasticsearch.client.support.AbstractClient.admin(),0
org.elasticsearch,elasticsearch,2.0.0,5.1.1,org.elasticsearch.common.settings.Settings$Builder,org.elasticsearch.common.settings.Settings.settingsBuilder(),org.elasticsearch.common.settings.Settings.builder(),0
org.elasticsearch,elasticsearch,0.20.5,5.1.1,org.elasticsearch.action.search.SearchRequestBuilder,org.elasticsearch.action.search.SearchRequestBuilder.setFilter(FilterBuilder),org.elasticsearch.action.search.SearchRequestBuilder.setPostFilter(QueryBuilder),0
org.elasticsearch,elasticsearch,0.20.5,5.1.1,boolean,org.elasticsearch.action.get.GetResponse.exists(),org.elasticsearch.action.get.GetResponse.isExists(),0
org.elasticsearch,elasticsearch,0.20.5,5.1.1,boolean,org.elasticsearch.action.admin.indices.delete.DeleteIndexResponse.acknowledged(),org.elasticsearch.action.support.master.AcknowledgedResponse.isAcknowledged(),0
org.elasticsearch,elasticsearch,0.20.5,5.1.1,boolean,org.elasticsearch.action.admin.indices.exists.indices.IndicesExistsResponse.exists(),org.elasticsearch.action.admin.indices.exists.indices.IndicesExistsResponse.isExists(),0
org.elasticsearch,elasticsearch,0.20.5,5.1.1,boolean,org.elasticsearch.action.bulk.BulkItemResponse.failed(),org.elasticsearch.action.bulk.BulkItemResponse.isFailed(),0
org.elasticsearch,elasticsearch,0.20.5,5.1.1,boolean,org.elasticsearch.action.delete.DeleteResponse.isNotFound(),org.elasticsearch.action.delete.DeleteResponse.isFound(),0
org.elasticsearch,elasticsearch,0.20.5,5.1.1,java.lang.String,org.elasticsearch.action.bulk.BulkItemResponse.failureMessage(),org.elasticsearch.action.bulk.BulkItemResponse.getFailureMessage(),0
org.elasticsearch,elasticsearch,0.20.5,5.1.1,java.lang.String,org.elasticsearch.action.delete.DeleteResponse.getId(),org.elasticsearch.action.DocWriteResponse.getId(),0
org.elasticsearch,elasticsearch,0.20.5,5.1.1,java.lang.String,org.elasticsearch.action.index.IndexResponse.getId(),org.elasticsearch.action.DocWriteResponse.getId(),0
org.elasticsearch,elasticsearch,0.20.5,5.1.1,org.elasticsearch.action.bulk.BulkItemResponse[],org.elasticsearch.action.bulk.BulkResponse.items(),org.elasticsearch.action.bulk.BulkResponse.getItems(),0
org.elasticsearch,elasticsearch,0.20.5,5.1.1,org.elasticsearch.action.mlt.MoreLikeThisRequestBuilder,org.elasticsearch.action.mlt.MoreLikeThisRequestBuilder.maxQueryTerms(int),org.elasticsearch.index.query.MoreLikeThisQueryBuilder.maxQueryTerms(int),0
org.elasticsearch,elasticsearch,0.20.5,5.1.1,org.elasticsearch.action.mlt.MoreLikeThisRequestBuilder,org.elasticsearch.action.mlt.MoreLikeThisRequestBuilder.setBoostTerms(float),org.elasticsearch.index.query.MoreLikeThisQueryBuilder.boostTerms(float),0
org.elasticsearch,elasticsearch,0.20.5,5.1.1,org.elasticsearch.action.mlt.MoreLikeThisRequestBuilder,org.elasticsearch.action.mlt.MoreLikeThisRequestBuilder.setMaxDocFreq(int),org.elasticsearch.index.query.MoreLikeThisQueryBuilder.maxDocFreq(int),0
org.elasticsearch,elasticsearch,0.20.5,5.1.1,org.elasticsearch.action.mlt.MoreLikeThisRequestBuilder,org.elasticsearch.action.mlt.MoreLikeThisRequestBuilder.setMaxWordLen(int),org.elasticsearch.index.query.MoreLikeThisQueryBuilder.maxWordLength(int),0
org.elasticsearch,elasticsearch,0.20.5,5.1.1,org.elasticsearch.action.mlt.MoreLikeThisRequestBuilder,org.elasticsearch.action.mlt.MoreLikeThisRequestBuilder.setMinDocFreq(int),org.elasticsearch.index.query.MoreLikeThisQueryBuilder.minDocFreq(int),0
org.elasticsearch,elasticsearch,0.20.5,5.1.1,org.elasticsearch.action.mlt.MoreLikeThisRequestBuilder,org.elasticsearch.action.mlt.MoreLikeThisRequestBuilder.setMinTermFreq(int),org.elasticsearch.index.query.MoreLikeThisQueryBuilder.minTermFreq(int),0
org.elasticsearch,elasticsearch,0.20.5,5.1.1,org.elasticsearch.action.mlt.MoreLikeThisRequestBuilder,org.elasticsearch.action.mlt.MoreLikeThisRequestBuilder.setMinWordLen(int),org.elasticsearch.index.query.MoreLikeThisQueryBuilder.minWordLength(int),0
org.elasticsearch,elasticsearch,0.20.5,5.1.1,org.elasticsearch.action.search.SearchRequestBuilder,org.elasticsearch.action.search.SearchRequestBuilder.setQuery(String),org.elasticsearch.action.search.SearchRequestBuilder.setQuery(QueryBuilder),0
org.elasticsearch,elasticsearch,0.20.5,5.1.1,org.elasticsearch.common.settings.ImmutableSettings$Builder,org.elasticsearch.common.settings.ImmutableSettings.settingsBuilder(),org.elasticsearch.common.settings.Settings.builder(),0
org.elasticsearch,elasticsearch,0.20.5,5.1.1,org.elasticsearch.common.settings.ImmutableSettings$Builder,org.elasticsearch.node.NodeBuilder.settings(),org.elasticsearch.common.settings.Settings.builder(),0
org.elasticsearch,elasticsearch,0.20.5,5.1.1,org.elasticsearch.index.query.BoolFilterBuilder,org.elasticsearch.index.query.BoolFilterBuilder.must(FilterBuilder),org.elasticsearch.index.query.BoolQueryBuilder.must(QueryBuilder),0
org.elasticsearch,elasticsearch,0.20.5,5.1.1,org.elasticsearch.search.sort.FieldSortBuilder,org.elasticsearch.search.sort.FieldSortBuilder.ignoreUnmapped(boolean),org.elasticsearch.search.sort.FieldSortBuilder.unmappedType(String),0
org.elasticsearch,elasticsearch,0.20.5,5.1.1,org.elasticsearch.search.sort.FieldSortBuilder,org.elasticsearch.search.sort.FieldSortBuilder.order(SortOrder),org.elasticsearch.search.sort.SortBuilder.order(SortOrder),0
org.elasticsearch,elasticsearch,1.4.4,2.0.0,org.elasticsearch.common.settings.ImmutableSettings$Builder,org.elasticsearch.common.settings.ImmutableSettings.settingsBuilder(),org.elasticsearch.common.settings.Settings.settingsBuilder(),0
org.elasticsearch,elasticsearch,1.3.4,5.6.10,java.lang.String,org.elasticsearch.search.builder.SearchSourceBuilder.toString(),org.elasticsearch.action.support.ToXContentToBytes.toString(),0
org.elasticsearch,elasticsearch,2.4.3,5.6.10,org.elasticsearch.common.settings.Settings$Builder,org.elasticsearch.common.settings.Settings.settingsBuilder(),org.elasticsearch.common.settings.Settings.builder(),0
org.elasticsearch,elasticsearch,2.4.3,5.6.10,boolean,org.elasticsearch.action.delete.DeleteResponse.isFound(),org.elasticsearch.action.delete.DeleteResponse.status(),0
org.elasticsearch,elasticsearch,2.4.3,5.6.10,boolean,org.elasticsearch.action.index.IndexResponse.isCreated(),org.elasticsearch.action.delete.IndexResponse.status(),0
org.elasticsearch,elasticsearch,2.4.3,5.6.10,java.lang.String,org.elasticsearch.action.delete.DeleteResponse.getId(),org.elasticsearch.action.DocWriteResponse.getId(),0
org.elasticsearch,elasticsearch,2.4.3,5.6.10,java.lang.String,org.elasticsearch.action.delete.DeleteResponse.getIndex(),org.elasticsearch.action.DocWriteResponse.getIndex(),0
org.elasticsearch,elasticsearch,2.4.3,5.6.10,java.lang.String,org.elasticsearch.action.delete.DeleteResponse.getType(),org.elasticsearch.action.DocWriteResponse.getType(),0
org.elasticsearch,elasticsearch,2.4.3,5.6.10,java.lang.String,org.elasticsearch.action.index.IndexResponse.getId(),org.elasticsearch.action.DocWriteResponse.getId(),0
org.elasticsearch,elasticsearch,2.4.3,5.6.10,java.lang.String,org.elasticsearch.action.index.IndexResponse.getIndex(),org.elasticsearch.action.DocWriteResponse.getIndex(),0
org.elasticsearch,elasticsearch,2.4.3,5.6.10,java.lang.String,org.elasticsearch.action.index.IndexResponse.getType(),org.elasticsearch.action.DocWriteResponse.getType(),0
org.elasticsearch,elasticsearch,2.0.0,5.6.10,org.elasticsearch.common.settings.Settings$Builder,org.elasticsearch.common.settings.Settings.settingsBuilder(),org.elasticsearch.common.settings.Settings.builder(),0
org.elasticsearch,elasticsearch,0.20.6,1.2.1,org.elasticsearch.search.SearchHits,org.elasticsearch.action.search.SearchResponse.hits(),org.elasticsearch.action.search.SearchResponse.getHits(),0
org.elasticsearch,elasticsearch,0.20.6,1.2.1,org.elasticsearch.search.facet.Facets,org.elasticsearch.action.search.SearchResponse.facets(),org.elasticsearch.action.search.SearchResponse.getFacets(),0
org.elasticsearch,elasticsearch,0.20.6,1.2.1,org.elasticsearch.action.search.SearchRequestBuilder,org.elasticsearch.action.search.SearchRequestBuilder.setFilter(FilterBuilder),org.elasticsearch.action.search.SearchRequestBuilder.setPostFilter(QueryBuilder),0
org.elasticsearch,elasticsearch,0.20.6,1.2.1,org.elasticsearch.search.facet.FacetProcessor,org.elasticsearch.search.facet.FacetProcessors.processor(String),org.elasticsearch.search.facet.FacetParsers.processor(String),0
org.elasticsearch,elasticsearch,0.20.6,1.2.1,boolean,org.elasticsearch.action.bulk.BulkItemResponse.failed(),org.elasticsearch.action.bulk.BulkItemResponse.isFailed(),0
org.elasticsearch,elasticsearch,0.20.6,1.2.1,boolean,org.elasticsearch.action.delete.DeleteResponse.notFound(),org.elasticsearch.action.delete.DeleteResponse.isFound(),0
org.elasticsearch,elasticsearch,0.20.6,1.2.1,long,org.elasticsearch.action.index.IndexResponse.version(),org.elasticsearch.action.index.IndexResponse.getVersion(),0
org.elasticsearch,elasticsearch,1.5.1,2.0.0,org.elasticsearch.common.settings.ImmutableSettings$Builder,org.elasticsearch.common.settings.ImmutableSettings.settingsBuilder(),org.elasticsearch.common.settings.Settings.settingsBuilder(),0
org.elasticsearch,elasticsearch,1.5.1,2.0.0,org.elasticsearch.index.query.AndFilterBuilder,org.elasticsearch.index.query.AndFilterBuilder.add(FilterBuilder),org.elasticsearch.index.query.AndQueryBuilder.add(QueryBuilder),0
org.elasticsearch,elasticsearch,1.5.1,2.0.0,org.elasticsearch.index.query.RangeFilterBuilder,org.elasticsearch.index.query.RangeFilterBuilder.gt(Object),org.elasticsearch.index.query.RangeQueryBuilder.gt(Object),0
org.elasticsearch,elasticsearch,1.5.1,2.0.0,org.elasticsearch.index.query.RangeFilterBuilder,org.elasticsearch.index.query.RangeFilterBuilder.gte(Object),org.elasticsearch.index.query.RangeQueryBuilder.gte(Object),0
org.elasticsearch,elasticsearch,1.5.1,2.0.0,org.elasticsearch.index.query.RangeFilterBuilder,org.elasticsearch.index.query.RangeFilterBuilder.lt(Object),org.elasticsearch.index.query.RangeQueryBuilder.lt(Object),0
org.elasticsearch,elasticsearch,1.5.1,2.0.0,org.elasticsearch.index.query.RangeFilterBuilder,org.elasticsearch.index.query.RangeFilterBuilder.lte(Object),org.elasticsearch.index.query.RangeQueryBuilder.lte(Object),0
org.elasticsearch,elasticsearch,1.5.1,2.0.0,org.elasticsearch.index.query.GeoBoundingBoxFilterBuilder,"org.elasticsearch.index.query.GeoBoundingBoxFilterBuilder.bottomRight(double,double)","org.elasticsearch.index.query.GeoBoundingBoxQueryBuilder.bottomRight(double,double)",0
org.elasticsearch,elasticsearch,1.5.1,2.0.0,org.elasticsearch.index.query.GeoBoundingBoxFilterBuilder,"org.elasticsearch.index.query.GeoBoundingBoxFilterBuilder.topLeft(double,double)","org.elasticsearch.index.query.GeoBoundingBoxQueryBuilder.topLeft(double,double)",0
org.elasticsearch,elasticsearch,1.5.1,2.0.0,org.elasticsearch.index.query.GeoDistanceFilterBuilder,"org.elasticsearch.index.query.GeoDistanceFilterBuilder.distance(double,DistanceUnit)","org.elasticsearch.index.query.GeoDistanceQueryBuilder.distance(double,DistanceUnit)",0
org.elasticsearch,elasticsearch,1.5.1,2.0.0,org.elasticsearch.index.query.GeoDistanceFilterBuilder,org.elasticsearch.index.query.GeoDistanceFilterBuilder.lat(double),org.elasticsearch.index.query.GeoDistanceQueryBuilder.lat(double),0
org.elasticsearch,elasticsearch,1.5.1,2.0.0,org.elasticsearch.index.query.GeoDistanceFilterBuilder,org.elasticsearch.index.query.GeoDistanceFilterBuilder.lon(double),org.elasticsearch.index.query.GeoDistanceQueryBuilder.lon(double),0
org.elasticsearch,elasticsearch,1.5.1,2.0.0,org.elasticsearch.index.query.OrFilterBuilder,org.elasticsearch.index.query.OrFilterBuilder.add(FilterBuilder),org.elasticsearch.index.query.OrQueryBuilder.add(QueryBuilder),0
org.elasticsearch,elasticsearch,2.4.3,5.1.1,org.elasticsearch.common.settings.Settings$Builder,org.elasticsearch.common.settings.Settings.settingsBuilder(),org.elasticsearch.common.settings.Settings.builder(),0
org.elasticsearch,elasticsearch,2.4.3,5.1.1,boolean,org.elasticsearch.action.delete.DeleteResponse.isFound(),org.elasticsearch.action.delete.DeleteResponse.status(),0
org.elasticsearch,elasticsearch,2.4.3,5.1.1,boolean,org.elasticsearch.action.index.IndexResponse.isCreated(),org.elasticsearch.action.delete.IndexResponse.status(),0
org.elasticsearch,elasticsearch,2.4.3,5.1.1,java.lang.String,org.elasticsearch.action.delete.DeleteResponse.getId(),org.elasticsearch.action.DocWriteResponse.getId(),0
org.elasticsearch,elasticsearch,2.4.3,5.1.1,java.lang.String,org.elasticsearch.action.delete.DeleteResponse.getIndex(),org.elasticsearch.action.DocWriteResponse.getIndex(),0
org.elasticsearch,elasticsearch,2.4.3,5.1.1,java.lang.String,org.elasticsearch.action.delete.DeleteResponse.getType(),org.elasticsearch.action.DocWriteResponse.getType(),0
org.elasticsearch,elasticsearch,2.4.3,5.1.1,java.lang.String,org.elasticsearch.action.index.IndexResponse.getId(),org.elasticsearch.action.DocWriteResponse.getId(),0
org.elasticsearch,elasticsearch,2.4.3,5.1.1,java.lang.String,org.elasticsearch.action.index.IndexResponse.getIndex(),org.elasticsearch.action.DocWriteResponse.getIndex(),0
org.elasticsearch,elasticsearch,2.4.3,5.1.1,java.lang.String,org.elasticsearch.action.index.IndexResponse.getType(),org.elasticsearch.action.DocWriteResponse.getType(),0
org.elasticsearch,elasticsearch,0.20.6,5.1.1,org.elasticsearch.search.SearchHits,org.elasticsearch.action.search.SearchResponse.hits(),org.elasticsearch.action.search.SearchResponse.getHits(),0
org.elasticsearch,elasticsearch,0.20.6,5.1.1,org.elasticsearch.common.settings.ImmutableSettings$Builder,org.elasticsearch.common.settings.ImmutableSettings.settingsBuilder(),org.elasticsearch.common.settings.Settings.builder(),0
org.elasticsearch,elasticsearch,0.20.6,5.1.1,org.elasticsearch.search.facet.Facets,org.elasticsearch.action.search.SearchResponse.facets(),org.elasticsearch.action.search.SearchResponse.getFacets(),0
org.elasticsearch,elasticsearch,0.20.6,5.1.1,org.elasticsearch.action.search.SearchRequestBuilder,org.elasticsearch.action.search.SearchRequestBuilder.setFilter(FilterBuilder),org.elasticsearch.action.search.SearchRequestBuilder.setPostFilter(QueryBuilder),0
org.elasticsearch,elasticsearch,0.20.6,5.1.1,org.elasticsearch.index.cache.filter.FilterCache,org.elasticsearch.search.internal.SearchContext.filterCache(),org.elasticsearch.search.internal.SearchContext.bitsetFilterCache(),0
org.elasticsearch,elasticsearch,0.20.6,5.1.1,org.elasticsearch.search.facet.FacetProcessor,org.elasticsearch.search.facet.FacetProcessors.processor(String),org.elasticsearch.search.facet.FacetParsers.processor(String),0
org.elasticsearch,elasticsearch,0.20.6,5.1.1,boolean,org.elasticsearch.action.bulk.BulkItemResponse.failed(),org.elasticsearch.action.bulk.BulkItemResponse.isFailed(),0
org.elasticsearch,elasticsearch,0.20.6,5.1.1,boolean,org.elasticsearch.action.delete.DeleteResponse.notFound(),org.elasticsearch.action.delete.DeleteResponse.isNotFound(),0
org.elasticsearch,elasticsearch,0.20.6,5.1.1,java.lang.String,org.elasticsearch.cluster.node.DiscoveryNode.id(),org.elasticsearch.cluster.node.DiscoveryNode.getId(),0
org.elasticsearch,elasticsearch,0.20.6,5.1.1,java.lang.String,org.elasticsearch.cluster.node.DiscoveryNode.name(),org.elasticsearch.cluster.node.DiscoveryNode.getName(),0
org.elasticsearch,elasticsearch,0.20.6,5.1.1,java.lang.String,org.elasticsearch.index.Index.name(),org.elasticsearch.index.Index.getName(),0
org.elasticsearch,elasticsearch,0.20.6,5.1.1,long,org.elasticsearch.action.index.IndexResponse.version(),org.elasticsearch.action.DocWriteResponse.getVersion(),0
org.elasticsearch,elasticsearch,0.20.6,5.1.1,org.elasticsearch.client.AdminClient,org.elasticsearch.client.transport.TransportClient.admin(),org.elasticsearch.client.support.AbstractClient.admin(),0
org.elasticsearch,elasticsearch,0.20.6,5.1.1,org.elasticsearch.search.sort.FieldSortBuilder,org.elasticsearch.search.sort.FieldSortBuilder.order(SortOrder),org.elasticsearch.search.sort.SortBuilder.order(SortOrder),0
org.apache.solr,solr-solrj,4.10.4,5.2.1,org.apache.solr.client.solrj.response.CoreAdminResponse,org.apache.solr.client.solrj.request.CoreAdminRequest.process(SolrServer),org.apache.solr.client.solrj.SolrRequest.process(SolrClient),0
org.apache.solr,solr-solrj,4.10.4,5.2.1,void,org.apache.solr.client.solrj.impl.HttpSolrServer.setBaseURL(String),org.apache.solr.client.solrj.impl.HttpSolrClient.setBaseURL(String),0
org.apache.solr,solr-solrj,4.10.4,5.2.1,java.lang.String,org.apache.solr.client.solrj.impl.HttpSolrServer.getBaseURL(),org.apache.solr.client.solrj.impl.HttpSolrClient.getBaseURL(),0
org.apache.solr,solr-solrj,4.10.4,5.2.1,org.apache.solr.client.solrj.response.LukeResponse,org.apache.solr.client.solrj.request.LukeRequest.process(SolrServer),org.apache.solr.client.solrj.SolrRequest.process(SolrClient),0
org.apache.solr,solr-solrj,4.10.4,5.2.1,org.apache.solr.common.util.NamedList,org.apache.solr.client.solrj.impl.HttpSolrServer.request(SolrRequest),org.apache.solr.client.solrj.impl.HttpSolrClient.request(SolrRequest),0
org.apache.solr,solr-solrj,4.10.4,5.2.1,void,org.apache.solr.client.solrj.impl.HttpSolrServer.setMaxTotalConnections(int),org.apache.solr.client.solrj.impl.HttpSolrClient.setMaxTotalConnections(int),0
org.apache.solr,solr-solrj,4.10.4,5.2.1,void,org.apache.solr.client.solrj.impl.HttpSolrServer.setUseMultiPartPost(boolean),org.apache.solr.client.solrj.impl.HttpSolrClient.setUseMultiPartPost(boolean),0
org.apache.solr,solr-solrj,5.5.5,6.4.0,void,org.apache.solr.client.solrj.impl.HttpSolrServer.HttpSolrServer(String),org.apache.solr.client.solrj.impl.HttpSolrClient.HttpSolrServer(String),0
org.apache.solr,solr-solrj,4.10.4,6.6.2,void,org.apache.solr.client.solrj.impl.HttpSolrServer.setBaseURL(String),org.apache.solr.client.solrj.impl.HttpSolrClient.setBaseURL(String),0
org.apache.solr,solr-solrj,4.10.4,6.6.2,java.lang.String,org.apache.solr.client.solrj.impl.HttpSolrServer.getBaseURL(),org.apache.solr.client.solrj.impl.HttpSolrClient.getBaseURL(),0
org.apache.solr,solr-solrj,4.10.4,6.6.2,java.lang.String,org.apache.solr.common.params.ModifiableSolrParams.toString(),org.apache.solr.common.params.SolrParams.toString(),0
org.apache.solr,solr-solrj,4.10.4,6.6.2,org.apache.solr.client.solrj.response.LukeResponse,org.apache.solr.client.solrj.request.LukeRequest.process(SolrServer),"org.apache.solr.client.solrj.SolrRequest.process(SolrClient,String)",0
org.apache.solr,solr-solrj,4.10.4,6.6.2,org.apache.solr.common.util.NamedList,org.apache.solr.client.solrj.impl.HttpSolrServer.request(SolrRequest),org.apache.solr.client.solrj.impl.HttpSolrClient.request(SolrRequest),0
org.apache.solr,solr-solrj,4.10.4,6.6.2,void,org.apache.solr.client.solrj.impl.HttpSolrServer.setMaxTotalConnections(int),org.apache.solr.client.solrj.impl.HttpSolrClient.setMaxTotalConnections(int),0
org.apache.solr,solr-solrj,4.10.4,6.6.2,void,org.apache.solr.client.solrj.impl.HttpSolrServer.setUseMultiPartPost(boolean),org.apache.solr.client.solrj.impl.HttpSolrClient.setUseMultiPartPost(boolean),0
org.eclipse.jetty,jetty-server,9.1.5.v20140505,9.2.4.v20141103,org.eclipse.jetty.util.MultiMap,org.eclipse.jetty.server.Request.getParameters(),org.eclipse.jetty.server.Request.getParameterMap(),0
org.eclipse.jetty,jetty-server,8.1.17.v20150415,9.4.27.v20200227,org.eclipse.jetty.server.SessionManager,org.eclipse.jetty.server.Request.getSessionManager(),org.eclipse.jetty.server.Request.getSessionHandler(),0
org.eclipse.jetty,jetty-server,8.1.17.v20150415,9.4.14.v20181114,org.eclipse.jetty.server.SessionManager,org.eclipse.jetty.server.Request.getSessionManager(),org.eclipse.jetty.server.Request.getSessionHandler(),0
org.apache.tomcat.embed,tomcat-embed-core,7.0.55,9.0.37,void,org.apache.catalina.deploy.FilterDef.setFilterClass(String),org.apache.tomcat.util.descriptor.web.FilterDef.setFilterClass(String),0
org.apache.tomcat.embed,tomcat-embed-core,7.0.55,9.0.37,void,org.apache.catalina.deploy.FilterDef.setFilterName(String),org.apache.tomcat.util.descriptor.web.FilterDef.setFilterName(String),0
org.apache.tomcat.embed,tomcat-embed-core,7.0.55,9.0.37,void,org.apache.catalina.deploy.FilterMap.addServletName(String),org.apache.tomcat.util.descriptor.web.FilterMap.addServletName(String),0
org.apache.tomcat.embed,tomcat-embed-core,7.0.55,9.0.37,void,org.apache.catalina.deploy.FilterMap.addURLPattern(String),org.apache.tomcat.util.descriptor.web.FilterMap.addURLPattern(String),0
org.apache.tomcat.embed,tomcat-embed-core,7.0.55,9.0.37,void,org.apache.catalina.deploy.FilterMap.setFilterName(String),org.apache.tomcat.util.descriptor.web.FilterMap.setFilterName(String),0
org.apache.tomcat.embed,tomcat-embed-core,7.0.55,8.0.14,void,org.apache.catalina.deploy.FilterDef.setFilterClass(String),org.apache.tomcat.util.descriptor.web.FilterDef.setFilterClass(String),0
org.apache.tomcat.embed,tomcat-embed-core,7.0.55,8.0.14,void,org.apache.catalina.deploy.FilterDef.setFilterName(String),org.apache.tomcat.util.descriptor.web.FilterDef.setFilterName(String),0
org.apache.tomcat.embed,tomcat-embed-core,7.0.55,8.0.14,void,org.apache.catalina.deploy.FilterMap.addServletName(String),org.apache.tomcat.util.descriptor.web.FilterMap.addServletName(String),0
org.apache.tomcat.embed,tomcat-embed-core,7.0.55,8.0.14,void,org.apache.catalina.deploy.FilterMap.addURLPattern(String),org.apache.tomcat.util.descriptor.web.FilterMap.addURLPattern(String),0
org.apache.tomcat.embed,tomcat-embed-core,7.0.55,8.0.14,void,org.apache.catalina.deploy.FilterMap.setFilterName(String),org.apache.tomcat.util.descriptor.web.FilterMap.setFilterName(String),0
org.apache.tomcat.embed,tomcat-embed-core,7.0.55,9.0.7,void,org.apache.catalina.deploy.FilterDef.setFilterClass(String),org.apache.tomcat.util.descriptor.web.FilterDef.setFilterClass(String),0
org.apache.tomcat.embed,tomcat-embed-core,7.0.55,9.0.7,void,org.apache.catalina.deploy.FilterDef.setFilterName(String),org.apache.tomcat.util.descriptor.web.FilterDef.setFilterName(String),0
org.apache.tomcat.embed,tomcat-embed-core,7.0.55,9.0.7,void,org.apache.catalina.deploy.FilterMap.addServletName(String),org.apache.tomcat.util.descriptor.web.FilterMap.addServletName(String),0
org.apache.tomcat.embed,tomcat-embed-core,7.0.55,9.0.7,void,org.apache.catalina.deploy.FilterMap.addURLPattern(String),org.apache.tomcat.util.descriptor.web.FilterMap.addURLPattern(String),0
org.apache.tomcat.embed,tomcat-embed-core,7.0.55,9.0.7,void,org.apache.catalina.deploy.FilterMap.setFilterName(String),org.apache.tomcat.util.descriptor.web.FilterMap.setFilterName(String),0
com.datastax.cassandra,cassandra-driver-core,2.0.0-rc2,3.1.1,java.lang.String,com.datastax.driver.core.Row.getString(String),com.datastax.driver.core.GettableByNameData.getString(String),0
com.datastax.cassandra,cassandra-driver-core,2.0.0-rc2,3.1.1,java.util.Iterator,com.datastax.driver.core.ResultSet.iterator(),com.datastax.driver.core.PagingIterable.iterator(),0
com.datastax.cassandra,cassandra-driver-core,2.0.0-rc2,3.1.1,java.nio.ByteBuffer,com.datastax.driver.core.Row.getBytes(String),com.datastax.driver.core.GettableByNameData.getBytes(String),0
com.datastax.cassandra,cassandra-driver-core,2.0.0-rc2,3.7.2,java.lang.String,com.datastax.driver.core.Row.getString(String),com.datastax.driver.core.GettableByNameData.getString(String),0
com.datastax.cassandra,cassandra-driver-core,2.0.0-rc2,3.7.2,java.util.Iterator,com.datastax.driver.core.ResultSet.iterator(),com.datastax.driver.core.PagingIterable.iterator(),0
com.datastax.cassandra,cassandra-driver-core,2.0.0-rc2,3.7.2,java.nio.ByteBuffer,com.datastax.driver.core.Row.getBytes(String),com.datastax.driver.core.GettableByNameData.getBytes(String),0
org.apache.hbase,hbase-server,0.96.2-hadoop2,1.4.5,org.apache.hadoop.hbase.regionserver.MultiVersionConsistencyControl$WriteEntry,org.apache.hadoop.hbase.regionserver.MultiVersionConsistencyControl.beginMemstoreInsert(),org.apache.hadoop.hbase.regionserver.MultiVersionConsistencyControl.beginMemstoreInsertWithSeqNum(long),0
org.apache.sshd,sshd-core,0.8.0,1.0.0,void,org.apache.sshd.common.util.Buffer.putInt(long),org.apache.sshd.common.util.buffer.Buffer.putInt(long),0
org.apache.sshd,sshd-core,0.8.0,1.0.0,int,org.apache.sshd.common.util.Buffer.getInt(),org.apache.sshd.common.util.buffer.Buffer.getInt(),0
org.apache.sshd,sshd-core,0.8.0,1.0.0,void,org.apache.sshd.common.util.Buffer.putByte(byte),org.apache.sshd.common.util.buffer.Buffer.putByte(byte),0
org.apache.sshd,sshd-core,0.8.0,1.0.0,java.lang.String,org.apache.sshd.common.util.Buffer.getString(),org.apache.sshd.common.util.buffer.Buffer.getString(),0
org.apache.sshd,sshd-core,0.8.0,1.0.0,byte,org.apache.sshd.common.util.Buffer.getByte(),org.apache.sshd.common.util.buffer.Buffer.getByte(),0
org.apache.sshd,sshd-core,0.8.0,1.0.0,int,org.apache.sshd.common.util.Buffer.rpos(),org.apache.sshd.common.util.buffer.Buffer.rpos(),0
org.apache.sshd,sshd-core,0.8.0,1.0.0,java.util.List,org.apache.sshd.SshServer.getActiveSessions(),org.apache.sshd.server.SshServer.getActiveSessions(),0
org.apache.sshd,sshd-core,0.8.0,1.0.0,java.util.List,org.apache.sshd.SshServer.getUserAuthFactories(),org.apache.sshd.server.SshServer.getUserAuthFactories(),0
org.apache.sshd,sshd-core,0.8.0,1.0.0,long,org.apache.sshd.common.util.Buffer.getLong(),org.apache.sshd.common.util.buffer.Buffer.getLong(),0
org.apache.sshd,sshd-core,0.8.0,1.0.0,org.apache.sshd.SshServer,org.apache.sshd.SshServer.setUpDefaultServer(),org.apache.sshd.server.SshServer.setUpDefaultServer(),0
org.apache.sshd,sshd-core,0.8.0,1.0.0,void,org.apache.sshd.SshServer.setCommandFactory(CommandFactory),org.apache.sshd.server.SshServer.setCommandFactory(CommandFactory),0
org.apache.sshd,sshd-core,0.8.0,1.0.0,void,org.apache.sshd.SshServer.setFileSystemFactory(FileSystemFactory),org.apache.sshd.common.helpers.AbstractFactoryManager.setFileSystemFactory(FileSystemFactory),0
org.apache.sshd,sshd-core,0.8.0,1.0.0,void,org.apache.sshd.SshServer.setForwardingFilter(ForwardingFilter),org.apache.sshd.common.helpers.AbstractFactoryManager.setTcpipForwardingFilter(ForwardingFilter),0
org.apache.sshd,sshd-core,0.8.0,1.0.0,void,org.apache.sshd.SshServer.setPasswordAuthenticator(PasswordAuthenticator),org.apache.sshd.server.SshServer.setPasswordAuthenticator(PasswordAuthenticator),0
org.apache.sshd,sshd-core,0.8.0,1.0.0,void,org.apache.sshd.SshServer.setPort(int),org.apache.sshd.server.SshServer.setPort(int),0
org.apache.sshd,sshd-core,0.8.0,1.0.0,void,org.apache.sshd.SshServer.setPublickeyAuthenticator(PublickeyAuthenticator),org.apache.sshd.server.SshServer.setPublickeyAuthenticator(PublickeyAuthenticator),0
org.apache.sshd,sshd-core,0.8.0,1.0.0,void,org.apache.sshd.SshServer.start(),org.apache.sshd.server.SshServer.start(),0
org.apache.sshd,sshd-core,0.8.0,1.0.0,void,org.apache.sshd.SshServer.stop(),org.apache.sshd.server.SshServer.stop(),0
org.apache.sshd,sshd-core,0.8.0,1.0.0,void,org.apache.sshd.common.util.Buffer.putLong(long),org.apache.sshd.common.util.buffer.Buffer.putLong(long),0
org.apache.sshd,sshd-core,0.8.0,1.0.0,void,org.apache.sshd.common.util.Buffer.rpos(int),org.apache.sshd.common.util.buffer.Buffer.rpos(int),0
org.apache.sshd,sshd-core,0.8.0,1.0.0,void,org.apache.sshd.server.sftp.SftpSubsystem.process(Buffer),org.apache.sshd.server.subsystem.sftp.SftpSubsystem.process(Buffer),0
org.apache.sshd,sshd-core,0.8.0,2.1.0,java.util.List,org.apache.sshd.SshServer.getActiveSessions(),org.apache.sshd.server.SshServer.getActiveSessions(),0
org.apache.sshd,sshd-core,0.8.0,2.1.0,java.util.List,org.apache.sshd.SshServer.getUserAuthFactories(),org.apache.sshd.server.SshServer.getUserAuthFactories(),0
org.apache.sshd,sshd-core,0.8.0,2.1.0,org.apache.sshd.SshServer,org.apache.sshd.SshServer.setUpDefaultServer(),org.apache.sshd.server.SshServer.setUpDefaultServer(),0
org.apache.sshd,sshd-core,0.8.0,2.1.0,void,org.apache.sshd.SshServer.setCommandFactory(CommandFactory),org.apache.sshd.server.SshServer.setCommandFactory(CommandFactory),0
org.apache.sshd,sshd-core,0.8.0,2.1.0,void,org.apache.sshd.SshServer.setFileSystemFactory(FileSystemFactory),org.apache.sshd.common.helpers.AbstractFactoryManager.setFileSystemFactory(FileSystemFactory),0
org.apache.sshd,sshd-core,0.8.0,2.1.0,void,org.apache.sshd.SshServer.setForwardingFilter(ForwardingFilter),org.apache.sshd.common.helpers.AbstractFactoryManager.setForwardingFilter(ForwardingFilter),0
org.apache.sshd,sshd-core,0.8.0,2.1.0,void,org.apache.sshd.SshServer.setPasswordAuthenticator(PasswordAuthenticator),org.apache.sshd.server.SshServer.setPasswordAuthenticator(PasswordAuthenticator),0
org.apache.sshd,sshd-core,0.8.0,2.1.0,void,org.apache.sshd.SshServer.setPort(int),org.apache.sshd.server.SshServer.setPort(int),0
org.apache.sshd,sshd-core,0.8.0,2.1.0,void,org.apache.sshd.SshServer.setPublickeyAuthenticator(PublickeyAuthenticator),org.apache.sshd.server.SshServer.setPublickeyAuthenticator(PublickeyAuthenticator),0
org.apache.sshd,sshd-core,0.8.0,2.1.0,void,org.apache.sshd.SshServer.start(),org.apache.sshd.server.SshServer.start(),0
org.apache.sshd,sshd-core,0.8.0,2.1.0,void,org.apache.sshd.SshServer.stop(),org.apache.sshd.server.SshServer.stop(),0
org.apache.sshd,sshd-core,0.8.0,2.1.0,void,org.apache.sshd.common.util.Buffer.putLong(long),org.apache.sshd.common.util.buffer.Buffer.putLong(long),0
org.apache.sshd,sshd-core,0.8.0,2.1.0,void,org.apache.sshd.common.util.Buffer.rpos(int),org.apache.sshd.common.util.buffer.Buffer.rpos(int),0
org.apache.sshd,sshd-core,0.8.0,2.1.0,void,org.apache.sshd.server.sftp.SftpSubsystem.process(Buffer),org.apache.sshd.server.subsystem.sftp.SftpSubsystem.process(Buffer),0
org.hibernate,hibernate-core,4.2.21.Final,5.4.2.Final,org.hibernate.service.ServiceRegistryBuilder,org.hibernate.service.ServiceRegistryBuilder.applySettings(Map),org.hibernate.boot.registry.StandardServiceRegistryBuilder.applySettings(Map),0
org.hibernate,hibernate-core,4.2.21.Final,5.4.2.Final,org.hibernate.service.ServiceRegistry,org.hibernate.service.ServiceRegistryBuilder.buildServiceRegistry(),org.hibernate.boot.registry.StandardServiceRegistryBuilder.build(),0
org.hibernate,hibernate-core,4.1.7.Final,5.4.9.Final,java.lang.String,org.hibernate.mapping.Component.getNodeName(),org.hibernate.mapping.Component.getRoleName(),0
org.bouncycastle,bcprov-jdk15on,1.5,1.51,java.math.BigInteger,org.bouncycastle.asn1.DERInteger.getPositiveValue(),org.bouncycastle.asn1.ASN1Integer.getPositiveValue(),0
com.github.javaparser,javaparser-core,2.5.1,3.2.10,java.lang.String,com.github.javaparser.ast.expr.StringLiteralExpr.getValue(),com.github.javaparser.ast.expr.LiteralStringValueExpr.getValue(),0
com.github.javaparser,javaparser-core,2.5.1,3.2.10,java.util.List,com.github.javaparser.ast.body.MethodDeclaration.getParameters(),com.github.javaparser.ast.body.CallableDeclaration.getParameters(),0
com.github.javaparser,javaparser-core,2.5.1,3.2.10,void,com.github.javaparser.ast.expr.StringLiteralExpr.setValue(String),com.github.javaparser.ast.expr.LiteralStringValueExpr.setValue(String),0
com.github.javaparser,javaparser-core,2.5.1,3.14.2,java.lang.String,com.github.javaparser.ast.expr.StringLiteralExpr.getValue(),com.github.javaparser.ast.expr.LiteralStringValueExpr.getValue(),0
com.github.javaparser,javaparser-core,2.5.1,3.14.2,java.util.List,com.github.javaparser.ast.body.MethodDeclaration.getParameters(),com.github.javaparser.ast.body.CallableDeclaration.getParameters(),0
com.github.javaparser,javaparser-core,2.5.1,3.14.2,void,com.github.javaparser.ast.expr.StringLiteralExpr.setValue(String),com.github.javaparser.ast.expr.LiteralStringValueExpr.setValue(String),0
com.github.jsqlparser,jsqlparser,0.9,0.9.4,java.util.List,net.sf.jsqlparser.statement.select.SetOperationList.getPlainSelects(),net.sf.jsqlparser.statement.select.SetOperationList.getSelects(),0
redis.clients,jedis,2.0.0,2.2.1,java.util.List,redis.clients.jedis.BinaryTransaction.exec(),redis.clients.jedis.Transaction.exec(),0
redis.clients,jedis,2.0.0,2.2.1,redis.clients.jedis.Response,"redis.clients.jedis.Transaction.set(String,String)","redis.clients.jedis.PipelineBase.set(String,String)",0
redis.clients,jedis,2.0.0,2.2.1,java.lang.String,redis.clients.jedis.Jedis.select(int),redis.clients.jedis.BinaryJedis.select(int),0
redis.clients,jedis,2.0.0,2.2.1,redis.clients.jedis.Response,"redis.clients.jedis.Transaction.sadd(String,String)","redis.clients.jedis.PipelineBase.sadd(String,String[])",0
redis.clients,jedis,2.0.0,2.2.1,redis.clients.jedis.Response,"redis.clients.jedis.Transaction.srem(String,String)","redis.clients.jedis.PipelineBase.srem(String,String[])",0
redis.clients,jedis,2.0.0,3.3.0,java.util.List,redis.clients.jedis.BinaryTransaction.exec(),redis.clients.jedis.Transaction.exec(),0
redis.clients,jedis,2.0.0,3.3.0,java.lang.String,redis.clients.jedis.Jedis.select(int),redis.clients.jedis.BinaryJedis.select(int),0
redis.clients,jedis,2.0.0,3.3.0,redis.clients.jedis.Response,"redis.clients.jedis.Transaction.sadd(String,String)","redis.clients.jedis.PipelineBase.sadd(String,String[])",0
redis.clients,jedis,2.0.0,3.3.0,redis.clients.jedis.Response,"redis.clients.jedis.Transaction.srem(String,String)","redis.clients.jedis.PipelineBase.srem(String,String[])",0
redis.clients,jedis,2.0.0,3.0.0,java.util.List,redis.clients.jedis.BinaryTransaction.exec(),redis.clients.jedis.Transaction.exec(),0
redis.clients,jedis,2.0.0,3.0.0,java.lang.String,redis.clients.jedis.Jedis.select(int),redis.clients.jedis.BinaryJedis.select(int),0
redis.clients,jedis,2.0.0,3.0.0,redis.clients.jedis.Response,"redis.clients.jedis.Transaction.sadd(String,String)","redis.clients.jedis.PipelineBase.sadd(String,String[])",0
redis.clients,jedis,2.0.0,3.0.0,redis.clients.jedis.Response,"redis.clients.jedis.Transaction.srem(String,String)","redis.clients.jedis.PipelineBase.srem(String,String[])",0
org.rocksdb,rocksdbjni,3.10.1,5.15.10,void,org.rocksdb.RocksDB.close(),org.rocksdb.AbstractImmutableNativeReference.close(),0
org.rocksdb,rocksdbjni,3.10.1,5.15.10,org.rocksdb.Options,org.rocksdb.Options.setRateLimiterConfig(RateLimiterConfig),org.rocksdb.Options.setRateLimiter(RateLimiter),0
org.rocksdb,rocksdbjni,3.10.1,5.11.3,void,org.rocksdb.RocksDB.close(),org.rocksdb.AbstractImmutableNativeReference.close(),0
org.rocksdb,rocksdbjni,3.10.1,5.11.3,org.rocksdb.Options,org.rocksdb.Options.setRateLimiterConfig(RateLimiterConfig),org.rocksdb.Options.setRateLimiter(RateLimiter),0
com.lowagie,itext,2.0.8,2.1.4,float,com.lowagie.text.Rectangle.width(),com.lowagie.text.Rectangle.getWidth(),0
com.google.guava,guava,13.0.1,18,com.google.common.collect.DiscreteDomain,com.google.common.collect.DiscreteDomains.integers(),com.google.common.collect.DiscreteDomain.integers(),0
com.google.guava,guava,18,23.5-jre,com.google.common.base.Objects$ToStringHelper,com.google.common.base.Objects.toStringHelper(Object),com.google.common.base.MoreObjects.toStringHelper(Object),0
com.google.guava,guava,18,23.5-jre,com.google.common.collect.MapMaker,com.google.common.collect.MapMaker.softValues(),com.google.common.cache.CacheBuilder.softValues(),0
com.google.guava,guava,13.0.1,23.5-jre,com.google.common.base.Objects$ToStringHelper,com.google.common.base.Objects.toStringHelper(Object),com.google.common.base.MoreObjects.toStringHelper(Object),0
com.google.guava,guava,13.0.1,23.5-jre,com.google.common.io.InputSupplier,com.google.common.io.Files.newInputStreamSupplier(File),com.google.common.io.Files.asByteSource(File),0
com.google.guava,guava,13.0.1,23.5-jre,com.google.common.io.OutputSupplier,com.google.common.io.Files.newOutputStreamSupplier(File),com.google.common.io.Files.asByteSink(File),0
com.google.guava,guava,13.0.1,23.5-jre,com.google.common.util.concurrent.ListeningExecutorService,com.google.common.util.concurrent.MoreExecutors.sameThreadExecutor(),com.google.common.util.concurrent.MoreExecutors.newDirectExecutorService(),0
com.google.guava,guava,13.0.1,23.5-jre,com.google.common.io.InputSupplier,com.google.common.io.ByteStreams.newInputStreamSupplier(byte[]),com.google.common.io.ByteSource.wrap(byte[]),0
com.google.guava,guava,13.0.1,23.5-jre,com.google.common.io.InputSupplier,com.google.common.io.Resources.newInputStreamSupplier(URL),com.google.common.io.Resources.asByteSource(URL),0
com.google.guava,guava,13.0.1,23.5-jre,com.google.common.collect.DiscreteDomain,com.google.common.collect.DiscreteDomains.integers(),com.google.common.collect.DiscreteDomain.integers(),0
com.google.guava,guava,13.0.1,23.5-jre,com.google.common.io.InputSupplier,"com.google.common.io.Files.newReaderSupplier(File,Charset)","com.google.common.io.Files.asCharSource(File,Charset)",0
com.google.guava,guava,13.0.1,23.5-jre,com.google.common.io.InputSupplier,com.google.common.io.CharStreams.newReaderSupplier(String),com.google.common.io.CharSource.wrap(CharSequence),0
org.gitlab,java-gitlab-api,1.2.7,4.0.0,java.lang.Integer,org.gitlab.api.models.GitlabNamespace.getOwnerId(),org.gitlab.api.models.GitlabNamespace.getParentId(),0
org.apache.cassandra,cassandra-all,2.1.9,3.11.4,byte[],org.apache.cassandra.dht.BytesToken.getTokenValue(),org.apache.cassandra.index.sasi.sa.ByteTerm.getTerm(),0
org.sonarsource.sonarqube,sonar-plugin-api,7.3-alpha1,7.9,java.lang.String,org.sonar.duplications.internal.pmd.TokensLine.getValue(),org.sonar.api.batch.sensor.cpd.internal.TokensLine.getValue(),0
org.mapdb,mapdb,0.9.3,0.9.13,org.mapdb.DBMaker,org.mapdb.DBMaker.asyncFlushDelay(int),org.mapdb.DBMaker.asyncWriteFlushDelay(int),0
org.mapdb,mapdb,0.9.3,0.9.13,org.mapdb.DBMaker,org.mapdb.DBMaker.syncOnCommitDisable(),org.mapdb.DBMaker.commitFileSyncDisable(),0
org.mapdb,mapdb,0.9.3,0.9.13,org.mapdb.DBMaker,org.mapdb.DBMaker.writeAheadLogDisable(),org.mapdb.DBMaker.transactionDisable(),0
org.mapdb,mapdb,1.0.9,3.0.5,org.mapdb.DB,org.mapdb.DBMaker.make(),org.mapdb.DBMaker.Maker.make(),0
org.mapdb,mapdb,1.0.9,3.0.5,org.mapdb.DB$BTreeMapMaker,org.mapdb.DB.createTreeMap(String),org.mapdb.DB.TreeMapMaker,0
org.mapdb,mapdb,1.0.9,3.0.5,org.mapdb.DB$HTreeMapMaker,org.mapdb.DB.createHashMap(String),org.mapdb.DB.HashMapMaker,0
org.mapdb,mapdb,1.0.9,3.0.5,org.mapdb.DBMaker,org.mapdb.DBMaker.newMemoryDB(),org.mapdb.DBMaker.memoryDB(),0
org.mapdb,mapdb,1.0.9,3.0.5,org.mapdb.DBMaker,org.mapdb.DBMaker.newFileDB(File),org.mapdb.DBMaker.fileDB(),0
org.mapdb,mapdb,1.0.9,3.0.5,org.mapdb.DBMaker,org.mapdb.DBMaker.closeOnJvmShutdown(),org.mapdb.DBMaker.Maker.closeOnJvmShutdown(),0
org.mapdb,mapdb,1.0.9,3.0.5,org.mapdb.HTreeMap,org.mapdb.DB.getHashMap(String),org.mapdb.DB.HashMapMaker,0
org.mapdb,mapdb,1.0.9,3.0.5,org.mapdb.Atomic$Long,org.mapdb.DB.getAtomicLong(String),org.mapdb.DB.AtomicLongMaker,0
org.mapdb,mapdb,1.0.9,3.0.5,org.mapdb.Atomic$Var,org.mapdb.DB.getAtomicVar(String),org.mapdb.DB.AtomicVarMaker,0
org.mapdb,mapdb,1.0.9,3.0.5,org.mapdb.DB$HTreeSetMaker,org.mapdb.DB.createHashSet(String),org.mapdb.DB.HashSetMaker,0
org.mapdb,mapdb,1.0.9,3.0.5,java.util.NavigableSet,org.mapdb.DB.getTreeSet(String),org.mapdb.DB.TreeSetMaker,0
org.mapdb,mapdb,1.0.9,3.0.5,org.mapdb.Atomic$String,org.mapdb.DB.getAtomicString(String),org.mapdb.DB.AtomicStringMaker,0
org.mapdb,mapdb,1.0.9,3.0.5,org.mapdb.BTreeMap,org.mapdb.DB.getTreeMap(String),org.mapdb.DB.TreeMapMaker,0
org.mapdb,mapdb,1.0.9,3.0.5,org.mapdb.DB$BTreeSetMaker,org.mapdb.DB.createTreeSet(String),org.mapdb.DB.TreeSetMaker,0
org.mapdb,mapdb,1.0.9,3.0.5,org.mapdb.DBMaker,org.mapdb.DBMaker.deleteFilesAfterClose(),org.mapdb.DBMaker.Maker.deleteFilesAfterClose(),0
org.mapdb,mapdb,1.0.9,3.0.5,org.mapdb.DBMaker,org.mapdb.DBMaker.mmapFileEnableIfSupported(),org.mapdb.DBMaker.Maker.fileMmapEnableIfSupported(),0
org.mapdb,mapdb,1.0.9,3.0.5,org.mapdb.DBMaker,org.mapdb.DBMaker.newMemoryDirectDB(),org.mapdb.DBMaker.memoryDirectDB(),0
org.mapdb,mapdb,1.0.9,3.0.5,org.mapdb.DBMaker,org.mapdb.DBMaker.newTempFileDB(),org.mapdb.DBMaker.tempFileDB(),0
org.mapdb,mapdb,0.9.3,3.0.5,org.mapdb.DBMaker,org.mapdb.DBMaker.asyncFlushDelay(int),org.mapdb.DBMaker.asyncWriteFlushDelay(int),0
org.mapdb,mapdb,0.9.3,3.0.5,org.mapdb.DBMaker,org.mapdb.DBMaker.closeOnJvmShutdown(),org.mapdb.DBMaker.Maker.closeOnJvmShutdown(),0
org.mapdb,mapdb,0.9.3,3.0.5,org.mapdb.DBMaker,org.mapdb.DBMaker.deleteFilesAfterClose(),org.mapdb.DBMaker.Maker.deleteFilesAfterClose(),0
org.mapdb,mapdb,0.9.3,3.0.5,org.mapdb.DBMaker,org.mapdb.DBMaker.newTempFileDB(),org.mapdb.DBMaker.tempFileDB(),0
org.mapdb,mapdb,0.9.3,3.0.5,org.mapdb.DBMaker,org.mapdb.DBMaker.syncOnCommitDisable(),org.mapdb.DBMaker.commitFileSyncDisable(),0
org.mapdb,mapdb,0.9.3,3.0.5,org.mapdb.DB,org.mapdb.DBMaker.make(),org.mapdb.DBMaker.Maker.make(),0
org.mapdb,mapdb,0.9.3,1.0.9,org.mapdb.DBMaker,org.mapdb.DBMaker.asyncFlushDelay(int),org.mapdb.DBMaker.asyncWriteFlushDelay(int),0
org.mapdb,mapdb,0.9.3,1.0.9,org.mapdb.DBMaker,org.mapdb.DBMaker.syncOnCommitDisable(),org.mapdb.DBMaker.commitFileSyncDisable(),0
org.mapdb,mapdb,0.9.3,1.0.9,org.mapdb.DBMaker,org.mapdb.DBMaker.writeAheadLogDisable(),org.mapdb.DBMaker.transactionDisable(),0
com.hazelcast,hazelcast,3.3.1,3.10.6,com.hazelcast.nio.serialization.SerializationService,com.hazelcast.nio.serialization.SerializationServiceBuilder.build(),com.hazelcast.internal.serialization.impl.DefaultSerializationServiceBuilder.build(),0
com.hazelcast,hazelcast,3.3.1,3.10.6,void,com.hazelcast.nio.serialization.ObjectDataOutputStream.close(),com.hazelcast.internal.serialization.impl.ObjectDataOutputStream.close(),0
com.hazelcast,hazelcast,3.3.1,3.10.6,com.hazelcast.nio.serialization.SerializationServiceBuilder,com.hazelcast.nio.serialization.SerializationServiceBuilder.setConfig(SerializationConfig),com.hazelcast.internal.serialization.impl.DefaultSerializationServiceBuilder.setConfig(SerializationConfig),0
com.github.docker-java,docker-java,2.2.3,3.0.14,com.github.dockerjava.api.model.Ports$Binding,com.github.dockerjava.api.model.Ports.Binding(Integer),com.github.dockerjava.api.model.Ports.Binding.bindPort(int),0
com.github.docker-java,docker-java,1.1.0,3.0.14,boolean,com.github.dockerjava.api.model.ContainerConfig.isNetworkDisabled(),com.github.dockerjava.api.model.ContainerConfig.getNetworkDisabled(),0
com.github.docker-java,docker-java,1.1.0,3.0.14,boolean,com.github.dockerjava.api.model.ContainerConfig.isStdinOpen(),com.github.dockerjava.api.model.ContainerConfig.getStdinOpen(),0
com.github.docker-java,docker-java,1.1.0,3.0.14,boolean,com.github.dockerjava.api.model.ContainerConfig.isTty(),com.github.dockerjava.api.model.ContainerConfig.getTty(),0
com.github.docker-java,docker-java,1.1.0,3.0.14,boolean,com.github.dockerjava.api.model.HostConfig.isPrivileged(),com.github.dockerjava.api.model.HostConfig.getPrivileged(),0
com.github.docker-java,docker-java,1.1.0,3.0.14,boolean,com.github.dockerjava.api.model.HostConfig.isPublishAllPorts(),com.github.dockerjava.api.model.HostConfig.getPublishAllPorts(),0
org.jsoup,jsoup,1.7.2,1.8.2,org.jsoup.nodes.Element,org.jsoup.select.Elements.get(int),org.jsoup.select.Elements.eq(int),0
org.jsoup,jsoup,1.7.2,1.13.1,org.jsoup.nodes.Element,org.jsoup.select.Elements.get(int),org.jsoup.select.Elements.eq(int),0
org.codehaus.groovy,groovy,1.8.9,2.5.3,java.lang.Object,org.codehaus.groovy.tools.shell.Groovysh.execute(String),"groovy.lang.GroovyShell.run(File,List)",0
org.sonarsource.sonarqube,sonar-ws,6.7.1,7.3-alpha1,void,org.sonarqube.ws.client.setting.SettingsService.set(SetRequest),org.sonarqube.ws.client.settings.SettingsService.set(SetRequest),0
org.sonarsource.sonarqube,sonar-ws,6.7.1,7.3-alpha1,org.sonarqube.ws.ProjectAnalyses$SearchResponse,org.sonarqube.ws.client.projectanalysis.ProjectAnalysisService.search(SearchRequest),org.sonarqube.ws.client.projectanalyses.ProjectAnalysesService.search(SearchRequest),0
org.sonarsource.sonarqube,sonar-ws,6.7.1,7.3-alpha1,org.sonarqube.ws.WsComponents$ShowWsResponse,org.sonarqube.ws.client.component.ComponentsService.show(ShowWsRequest),org.sonarqube.ws.client.components.ComponentsService.show(ShowRequest),0
org.sonarsource.sonarqube,sonar-ws,6.7.1,7.3-alpha1,org.sonarqube.ws.WsMeasures$ComponentWsResponse,org.sonarqube.ws.client.measure.MeasuresService.component(ComponentWsRequest),org.sonarqube.ws.client.measures.MeasuresService.component(ComponentRequest),0
org.sonarsource.sonarqube,sonar-ws,6.7.1,7.3-alpha1,org.sonarqube.ws.client.component.TreeWsRequest,org.sonarqube.ws.client.component.TreeWsRequest.setBaseComponentKey(String),org.sonarqube.ws.client.component.TreeWsRequest.setComponent(String),0
org.sonarsource.sonarqube,sonar-ws,6.7.1,7.3-alpha1,org.sonarqube.ws.client.measure.ComponentWsRequest,org.sonarqube.ws.client.measure.ComponentWsRequest.setComponentKey(String),org.sonarqube.ws.client.measure.ComponentWsRequest.setComponent(String),0
org.sonarsource.sonarqube,sonar-ws,5.3,7.9.1,org.sonarqube.ws.WsQualityGates$ProjectStatusWsResponse,org.sonarqube.ws.client.qualitygate.QualityGatesService.projectStatus(ProjectStatusWsRequest),org.sonarqube.ws.client.qualitygates.QualitygatesService.projectStatus(ProjectStatusRequest),0
org.sonarsource.sonarqube,sonar-ws,5.3,7.9.1,org.sonarqube.ws.client.qualitygate.ProjectStatusWsRequest,org.sonarqube.ws.client.qualitygate.ProjectStatusWsRequest.setAnalysisId(String),org.sonarqube.ws.client.qualitygates.ProjectStatusRequest.setAnalysisId(String),0
org.sonarsource.sonarqube,sonar-ws,5.3,7.3-alpha1,org.sonarqube.ws.WsQualityGates$ProjectStatusWsResponse,org.sonarqube.ws.client.qualitygate.QualityGatesService.projectStatus(ProjectStatusWsRequest),org.sonarqube.ws.client.qualitygates.QualitygatesService.projectStatus(ProjectStatusRequest),0
org.sonarsource.sonarqube,sonar-ws,5.3,7.3-alpha1,org.sonarqube.ws.client.qualitygate.ProjectStatusWsRequest,org.sonarqube.ws.client.qualitygate.ProjectStatusWsRequest.setAnalysisId(String),org.sonarqube.ws.client.qualitygates.ProjectStatusRequest.setAnalysisId(String),0
com.squareup,protoparser,3.1.5,4.0.0,java.lang.Object,com.squareup.protoparser.Option.getValue(),com.squareup.protoparser.OptionElement.value(),0
com.squareup,protoparser,3.1.5,4.0.0,java.lang.String,com.squareup.protoparser.ProtoFile.getPackageName(),com.squareup.protoparser.ProtoFile.packageName(),0
com.squareup,protoparser,3.1.5,4.0.0,java.lang.String,com.squareup.protoparser.Option.getName(),com.squareup.protoparser.OptionElement.name(),0
com.squareup,protoparser,3.1.5,4.0.0,java.util.List,com.squareup.protoparser.ProtoFile.getTypes(),com.squareup.protoparser.ProtoFile.typeElements(),0
com.squareup,protoparser,3.1.5,4.0.0,com.squareup.protoparser.ProtoFile,"com.squareup.protoparser.ProtoSchemaParser.parse(String,String)","com.squareup.protoparser.ProtoParser.parse(String,String)",0
com.squareup,protoparser,3.1.5,4.0.0,java.util.List,com.squareup.protoparser.MessageType.getFields(),com.squareup.protoparser.MessageElement.fields(),0
com.squareup,protoparser,3.1.5,4.0.0,java.util.List,com.squareup.protoparser.ProtoFile.getOptions(),com.squareup.protoparser.ProtoFile.options(),0
com.squareup,protoparser,3.1.5,4.0.0,com.squareup.protoparser.ProtoFile,"com.squareup.protoparser.ProtoSchemaParser.parse(String,Reader)","com.squareup.protoparser.ProtoParser.parse(String,Reader)",0
com.squareup,protoparser,3.1.5,4.0.0,com.squareup.protoparser.ProtoFile,"com.squareup.protoparser.ProtoSchemaParser.parseUtf8(String,InputStream)","com.squareup.protoparser.ProtoParser.parseUtf8(String,InputStream)",0
com.squareup,protoparser,3.1.5,4.0.0,java.lang.String,com.squareup.protoparser.EnumType.getName(),com.squareup.protoparser.EnumElement.name(),0
com.squareup,protoparser,3.1.5,4.0.0,java.lang.String,com.squareup.protoparser.MessageType.getName(),com.squareup.protoparser.MessageElement.name(),0
com.squareup,protoparser,3.1.5,4.0.0,java.util.List,com.squareup.protoparser.EnumType.getValues(),com.squareup.protoparser.EnumElement.constants(),0
com.squareup,protoparser,3.1.5,4.0.0,java.util.List,com.squareup.protoparser.MessageType.getNestedTypes(),com.squareup.protoparser.MessageElement.nestedElements(),0
com.squareup,protoparser,3.1.5,4.0.0,java.util.List,com.squareup.protoparser.ProtoFile.getDependencies(),com.squareup.protoparser.ProtoFile.dependencies(),0
com.squareup,protoparser,3.1.5,4.0.0,com.squareup.protoparser.ProtoFile,com.squareup.protoparser.ProtoSchemaParser.parse(File),com.squareup.protoparser.ProtoParser.parse(File),0
com.squareup,protoparser,3.1.5,4.0.0,java.util.List,com.squareup.protoparser.MessageType.getExtensions(),com.squareup.protoparser.MessageElement.extensions(),0
com.squareup,protoparser,3.1.5,4.0.0,java.util.List,com.squareup.protoparser.EnumType.getOptions(),com.squareup.protoparser.EnumElement.options(),0
com.squareup,protoparser,3.1.5,4.0.0,java.util.List,com.squareup.protoparser.ProtoFile.getPublicDependencies(),com.squareup.protoparser.ProtoFile.publicDependencies(),0
org.jmock,jmock,2.5.1,2.8.3,void,org.jmock.Expectations.will(Action),org.jmock.AbstractExpectations.will(Action),0
org.jmock,jmock,2.5.1,2.8.3,org.jmock.api.Action,org.jmock.Expectations.returnValue(Object),org.jmock.AbstractExpectations.returnValue(Object),0
org.jmock,jmock,2.5.1,2.8.3,org.jmock.api.Action,org.jmock.Expectations.throwException(Throwable),org.jmock.AbstractExpectations.throwException(Throwable),0
com.yammer.metrics,metrics-core,2.0.0-BETA18,2.2.0,void,com.yammer.metrics.core.MeterMetric.mark(),com.yammer.metrics.core.Meter.mark(),0
org.zeroturnaround,zt-exec,1.7,1.8,int,org.zeroturnaround.exec.InvalidExitValueException.getExitValue(),org.zeroturnaround.exec.InvalidResultException.getExitValue(),0
com.tencent.angel,angel-ps-mllib,2.0.0,3.0.1,java.lang.String,com.tencent.angel.ml.core.conf.MLConf.ML_DATA_INPUT_FORMAT(),com.tencent.angel.ml.core.conf.AngelMLConf.ML_DATA_INPUT_FORMAT(),0
com.tencent.angel,angel-ps-mllib,2.0.0,3.0.1,java.lang.String,com.tencent.angel.ml.core.conf.MLConf.ML_EPOCH_NUM(),com.tencent.angel.ml.core.conf.AngelMLConf.ML_EPOCH_NUM(),0
com.tencent.angel,angel-ps-mllib,2.0.0,3.0.1,java.lang.String,com.tencent.angel.ml.core.conf.MLConf.ML_FEATURE_INDEX_RANGE(),com.tencent.angel.ml.core.conf.AngelMLConf.ML_FEATURE_INDEX_RANGE(),0
com.tencent.angel,angel-ps-mllib,2.0.0,3.0.1,java.lang.String,com.tencent.angel.ml.core.conf.MLConf.ML_LEARN_RATE(),com.tencent.angel.ml.core.conf.AngelMLConf.ML_LEARN_RATE(),0
com.tencent.angel,angel-ps-mllib,2.0.0,3.0.1,java.lang.String,com.tencent.angel.ml.core.conf.MLConf.ML_MODEL_CLASS_NAME(),com.tencent.angel.ml.core.conf.AngelMLConf.ML_MODEL_CLASS_NAME(),0
com.tencent.angel,angel-ps-mllib,2.0.0,3.0.1,java.lang.String,com.tencent.angel.ml.core.conf.MLConf.ML_MODEL_TYPE(),com.tencent.angel.ml.core.conf.AngelMLConf.ML_MODEL_TYPE(),0
com.tencent.angel,angel-ps-mllib,2.0.0,3.0.1,java.lang.String,com.tencent.angel.ml.core.conf.MLConf.ML_REG_L2(),com.tencent.angel.ml.core.conf.AngelMLConf.ML_REG_L2(),0
com.tencent.angel,angel-ps-mllib,2.0.0,3.0.1,java.lang.String,com.tencent.angel.ml.core.conf.MLConf.ML_VALIDATE_RATIO(),com.tencent.angel.ml.core.conf.AngelMLConf.ML_VALIDATE_RATIO(),0
com.tencent.angel,angel-ps-mllib,2.0.0,3.0.1,java.lang.String,com.tencent.angel.ml.core.conf.MLConf.ML_LEARN_DECAY(),com.tencent.angel.ml.core.conf.AngelMLConf.ML_LEARN_DECAY(),0
com.tencent.angel,angel-ps-mllib,2.0.0,3.0.1,java.lang.String,com.tencent.angel.ml.core.conf.MLConf.ML_MODEL_SIZE(),com.tencent.angel.ml.core.conf.AngelMLConf.ML_MODEL_SIZE(),0
com.tencent.angel,angel-ps-mllib,2.0.0,3.0.1,java.lang.String,com.tencent.angel.ml.core.conf.MLConf.ML_BATCH_SAMPLE_RATIO(),com.tencent.angel.ml.core.conf.AngelMLConf.ML_BATCH_SAMPLE_RATIO(),0
com.tencent.angel,angel-ps-mllib,2.0.0,3.0.1,java.lang.String,com.tencent.angel.ml.core.conf.MLConf.ML_MINIBATCH_SIZE(),com.tencent.angel.ml.core.conf.AngelMLConf.ML_MINIBATCH_SIZE(),0
com.tencent.angel,angel-ps-mllib,2.0.0,3.0.1,java.lang.String,com.tencent.angel.ml.core.conf.MLConf.ML_MODEL_IS_CLASSIFICATION(),com.tencent.angel.ml.core.conf.AngelMLConf.ML_MODEL_IS_CLASSIFICATION(),0
com.tencent.angel,angel-ps-mllib,2.0.0,3.0.1,java.lang.String,com.tencent.angel.ml.core.conf.MLConf.ANGEL_ML_TRAIN(),com.tencent.angel.ml.core.conf.AngelMLConf.ANGEL_ML_TRAIN(),0
com.tencent.angel,angel-ps-mllib,2.0.0,3.0.1,java.lang.String,com.tencent.angel.ml.core.conf.MLConf.DEFAULT_ML_MODEL_TYPE(),com.tencent.angel.ml.core.conf.AngelMLConf.DEFAULT_ML_MODEL_TYPE(),0
com.tencent.angel,angel-ps-mllib,2.0.0,3.0.1,java.lang.String,com.tencent.angel.ml.core.conf.MLConf.KMEANS_C(),com.tencent.angel.ml.core.conf.AngelMLConf.KMEANS_C(),0
com.tencent.angel,angel-ps-mllib,2.0.0,3.0.1,java.lang.String,com.tencent.angel.ml.core.conf.MLConf.KMEANS_CENTER_NUM(),com.tencent.angel.ml.core.conf.AngelMLConf.KMEANS_CENTER_NUM(),0
com.tencent.angel,angel-ps-mllib,2.0.0,3.0.1,java.lang.String,com.tencent.angel.ml.core.conf.MLConf.KMEANS_SAMPLE_RATIO_PERBATCH(),com.tencent.angel.ml.core.conf.AngelMLConf.KMEANS_SAMPLE_RATIO_PERBATCH(),0
com.tencent.angel,angel-ps-mllib,2.0.0,3.0.1,java.lang.String,com.tencent.angel.ml.core.conf.MLConf.ML_DATA_LABEL_TRANS(),com.tencent.angel.ml.core.conf.AngelMLConf.ML_DATA_LABEL_TRANS(),0
com.tencent.angel,angel-ps-mllib,2.0.0,3.0.1,java.lang.String,com.tencent.angel.ml.core.conf.MLConf.ML_GBDT_SAMPLE_RATIO(),com.tencent.angel.ml.core.conf.AngelMLConf.ML_GBDT_SAMPLE_RATIO(),0
com.tencent.angel,angel-ps-mllib,2.0.0,3.0.1,java.lang.String,com.tencent.angel.ml.core.conf.MLConf.ML_GBDT_SPLIT_NUM(),com.tencent.angel.ml.core.conf.AngelMLConf.ML_GBDT_SPLIT_NUM(),0
com.tencent.angel,angel-ps-mllib,2.0.0,3.0.1,java.lang.String,com.tencent.angel.ml.core.conf.MLConf.ML_GBDT_TREE_DEPTH(),com.tencent.angel.ml.core.conf.AngelMLConf.ML_GBDT_TREE_DEPTH(),0
com.tencent.angel,angel-ps-mllib,2.0.0,3.0.1,java.lang.String,com.tencent.angel.ml.core.conf.MLConf.ML_GBDT_TREE_NUM(),com.tencent.angel.ml.core.conf.AngelMLConf.ML_GBDT_TREE_NUM(),0
com.tencent.angel,angel-ps-mllib,2.0.0,3.0.1,java.lang.String,com.tencent.angel.ml.core.conf.MLConf.ML_NUM_CLASS(),com.tencent.angel.ml.core.conf.AngelMLConf.ML_NUM_CLASS(),0
com.tencent.angel,angel-ps-mllib,2.0.0,3.0.1,java.lang.String,com.tencent.angel.ml.core.conf.MLConf.ML_RANK_NUM(),com.tencent.angel.ml.core.conf.AngelMLConf.ML_RANK_NUM(),0
